Customer_ID,Items
CUST_001,"carrots,juice,chicken,cookies,pasta,ice_cream,oil,onions,muffins,bananas,beef,tomatoes,rice,apples"
CUST_002,"butter,wine,milk,bread,pasta,tomatoes,eggs"
CUST_003,"milk,frozen_pizza,soda,bread,cookies,pasta,grapes,tomatoes,chips"
CUST_004,"wine,milk,bread,cookies,pasta,tomatoes,bananas,turkey,eggs"
CUST_005,"butter,milk,frozen_pizza,soda,coffee,bread,cookies,beer,pasta,tomatoes,chips"
CUST_006,"butter,carrots,milk,juice,bread,chicken,cookies,pasta,ice_cream,oil,onions,bananas,beef,tomatoes,rice,apples,eggs"
CUST_007,"butter,carrots,milk,juice,bread,chicken,cookies,pasta,ice_cream,oil,onions,bananas,beef,rice,apples,eggs"
CUST_008,"carrots,chicken,pasta,oil,onions,bananas,beef,tomatoes,rice,apples"
CUST_009,"butter,milk,frozen_pizza,soda,coffee,bread,beer,pasta,chips"
CUST_010,"butter,carrots,milk,juice,bread,cookies,ice_cream,pasta,oil,onions,bananas,rice,apples,eggs"
CUST_011,"butter,milk,juice,bread,chicken,cookies,ice_cream,beef,eggs"
CUST_012,"coffee,pasta,beans,bananas,sugar,tomatoes,rice"
CUST_013,"chicken,fish"
CUST_014,"lettuce,milk,bread,chicken,cookies,bagels,tomatoes,cheese,fish,eggs"
CUST_015,"butter,carrots,milk,juice,bread,chicken,cookies,pasta,ice_cream,oil,onions,bananas,beef,tomatoes,rice,apples,eggs"
CUST_016,"butter,lettuce,wine,milk,bread,chicken,cookies,pasta,pizza_dough,beans,tomatoes,cheese,fish,eggs"
CUST_017,"butter,carrots,milk,bread,chicken,cookies,onions,bananas,beef,apples,eggs"
CUST_018,"butter,carrots,milk,bread,chicken,pasta,oil,onions,bananas,beef,tomatoes,rice,apples,eggs"
CUST_019,"butter,carrots,milk,juice,bread,chicken,cookies,pasta,ice_cream,oil,onions,bananas,beef,tomatoes,rice,apples,eggs"
CUST_020,"butter,wine,milk,frozen_pizza,coffee,bread,cookies,beer,pasta,tomatoes"
CUST_021,"butter,wine,milk,bread,chicken,pasta,tomatoes,fish,eggs"
CUST_022,"bread,cookies,milk,eggs"
CUST_023,"soda,frozen_pizza,pasta,tomatoes,strawberries,chips"
CUST_024,"pork,soda,coffee,cookies,pasta,beans,muffins,bananas,tomatoes,rice,eggs"
CUST_025,"butter,lettuce,wine,milk,bread,chicken,pasta,tomatoes,cheese,fish,eggs"
CUST_026,"carrots,milk,bread,chicken,cookies,pasta,oil,onions,grapes,bananas,beef,tomatoes,rice,apples,eggs"
CUST_027,"coffee,beer"
CUST_028,"milk,soda,coffee,bread,cookies,beer,sugar,croissants,chips"
CUST_029,"butter,carrots"
CUST_030,"butter,carrots,milk,bread,chicken,cookies,onions,bananas,beef,turkey,frozen_vegetables,vinegar,apples,eggs"
CUST_031,"butter,milk,frozen_pizza,coffee,bread,beer,pasta,muffins,sugar,tomatoes"
CUST_032,"butter,carrots,milk,juice,bread,chicken,cookies,pasta,ice_cream,oil,onions,tomatoes,bananas,beef,strawberries,rice,apples,eggs"
CUST_033,"carrots,milk,juice,bread,chicken,cookies,pasta,ice_cream,oil,onions,pizza_dough,bananas,beef,tomatoes,rice,apples,eggs"
CUST_034,"carrots,juice,chicken,cookies,pasta,ice_cream,oil,onions,tea,bananas,beef,tomatoes,rice,apples"
CUST_035,"pork,coffee,pasta,beans,bananas,tomatoes,rice,eggs"
CUST_036,"butter,carrots,milk,bread,chicken,pasta,oil,onions,flour,bananas,beef,tomatoes,rice,apples,eggs"
CUST_037,"strawberries,butter,lettuce,milk,bread,tomatoes,cheese,eggs"
CUST_038,"carrots,milk,bread,pasta,oil,onions,bananas,tomatoes,rice,apples,eggs"
CUST_039,"milk,coffee,bread,cookies,beer"
CUST_040,"carrots,milk,bread,chicken,cookies,onions,grapes,bananas,beef,apples,eggs"
CUST_041,"pasta,beans,muffins,tomatoes,rice"
CUST_042,"carrots,milk,juice,bread,cookies,ice_cream,pasta,oil,muffins,tomatoes,rice,eggs"
CUST_043,"lettuce,milk,bread,chicken,tomatoes,frozen_vegetables,cheese,fish,eggs"
CUST_044,"butter,carrots,milk,bread,cookies,onions,bananas,apples,eggs"
CUST_045,"butter,milk,bread,chicken,fish,eggs"
CUST_046,"frozen_pizza,coffee,beer,pasta,tomatoes"
CUST_047,"carrots,milk,bread,chicken,cookies,onions,bananas,beef,apples,eggs"
CUST_048,"milk,frozen_pizza,coffee,bread,cookies,beer,pasta,oil,grapes,sugar,tomatoes"
CUST_049,"butter,lettuce,milk,juice,bread,chicken,tomatoes,cheese,fish,eggs"
CUST_050,"bread,milk"
CUST_051,"butter,lettuce,milk,bread,chicken,tomatoes,cheese,fish,eggs"
CUST_052,"milk,juice,bread,chicken,cookies,pasta,ice_cream,oil,grapes,beef,rice,eggs"
CUST_053,"lettuce,wine,milk,bread,cookies,pasta,grapes,tomatoes,cheese,eggs"
CUST_054,"coffee,muffins,bananas,sugar"
CUST_055,"lettuce,milk,bread,tomatoes,cheese,eggs"
CUST_056,"butter,carrots,milk,juice,bread,chicken,cookies,ice_cream,onions,muffins,bananas,beef,vinegar,apples,eggs"
CUST_057,"butter,carrots,milk,juice,bread,chicken,cookies,pasta,ice_cream,oil,onions,bananas,beef,strawberries,rice,apples,eggs"
CUST_058,"butter,lettuce,milk,bread,cookies,tomatoes,cheese,eggs"
CUST_059,"pork,soda,cookies,pasta,beans,rice,eggs"
CUST_060,"carrots,milk,bread,chicken,cookies,pasta,oil,onions,bananas,beef,rice,apples,eggs"
CUST_061,"tomatoes,wine,pasta,muffins"
CUST_062,"butter,milk,frozen_pizza,soda,bread,oranges,pasta,tomatoes,croissants,chips"
CUST_063,"rice,beer,pasta,beans"
CUST_064,"rice,wine"
CUST_065,"butter,pork,milk,bread,chicken,fish,eggs"
CUST_066,"milk,soda,coffee,bread,cookies,beer,chips"
CUST_067,"butter,carrots,milk,bread,pasta,oil,onions,bananas,tomatoes,rice,apples,eggs"
CUST_068,"lettuce,milk,bread,beans,bagels,tomatoes,cheese,eggs"
CUST_069,"butter,milk,frozen_pizza,bread,ice_cream,pasta,tomatoes"
CUST_070,"carrots,juice,cookies,ice_cream,pasta,oil,onions,bananas,tomatoes,rice,apples"
CUST_071,"lettuce,chicken,tomatoes,cheese,fish"
CUST_072,"soda,coffee,cookies,pasta,beans,bananas,sugar,tomatoes,rice"
CUST_073,"milk,frozen_pizza,coffee,bread,beer,pasta,ice_cream,tomatoes"
CUST_074,"carrots,milk,juice,bread,chicken,cookies,pasta,ice_cream,oil,onions,muffins,bananas,beef,tomatoes,rice,apples,eggs"
CUST_075,"milk,juice,bread,chicken,cookies,ice_cream,pasta,beef,tomatoes,eggs"
CUST_076,"milk,frozen_pizza,coffee,bread,cookies,beer,pasta,sugar,tomatoes"
CUST_077,"lettuce,wine,milk,bread,chicken,pasta,tomatoes,cheese,fish,eggs"
CUST_078,"butter,carrots,milk,juice,bread,cookies,ice_cream,onions,bananas,apples,eggs"
CUST_079,"butter,milk,frozen_pizza,coffee,bread,cookies,beer,pasta,muffins,tomatoes"
CUST_080,"carrots,milk,bread,chicken,cookies,pasta,oil,onions,bagels,bananas,beef,rice,apples,eggs"
CUST_081,"coffee,pasta,beans,muffins,bananas,tomatoes,rice"
CUST_082,"bread,cookies,milk,eggs"
CUST_083,"butter,carrots,milk,bread,chicken,onions,bananas,beef,apples,eggs"
CUST_084,"butter,carrots,milk,wine,bread,cookies,pasta,oil,onions,bananas,tomatoes,rice,apples,eggs"
CUST_085,"lettuce,chicken,tomatoes,cheese,fish"
CUST_086,"butter,milk,frozen_pizza,bread,pasta,tomatoes"
CUST_087,"butter,salt,carrots,milk,juice,bread,cookies,ice_cream,pasta,chips,oil,onions,bananas,rice,apples,eggs"
CUST_088,"butter,carrots,milk,juice,bread,chicken,cookies,pasta,ice_cream,oil,onions,muffins,bananas,beef,tomatoes,rice,apples,eggs"
CUST_089,"pork,pasta,beans,tomatoes,rice,eggs"
CUST_090,"butter,salt,carrots,milk,juice,bread,chicken,cookies,ice_cream,onions,muffins,bananas,beef,apples,eggs"
CUST_091,"butter,carrots,milk,bread,chicken,pizza_dough,onions,bananas,beef,apples,eggs"
CUST_092,"milk,juice,bread,chicken,cookies,pasta,ice_cream,oil,beef,rice,eggs"
CUST_093,"carrots,milk,bread,pasta,oil,onions,bananas,tomatoes,rice,apples,eggs"
CUST_094,"butter,lettuce,milk,bread,cookies,tomatoes,cheese,eggs"
CUST_095,"carrots,milk,candy,bread,chicken,pasta,oil,onions,muffins,bananas,beef,tomatoes,rice,apples,eggs"
CUST_096,"milk,frozen_pizza,bread,cookies,pasta,pizza_dough,tomatoes"
CUST_097,"carrots,milk,bread,pasta,oil,onions,bananas,rice,apples,eggs"
CUST_098,"butter,milk,bread,cookies,tomatoes"
CUST_099,"butter,milk,bread,chicken,fish,eggs"
CUST_100,"milk,frozen_pizza,coffee,bread,beer,pasta,sugar,tomatoes"
CUST_101,"butter,carrots,milk,juice,bread,chicken,cookies,pasta,ice_cream,oil,onions,bananas,beef,tomatoes,rice,apples,eggs"
CUST_102,"butter,carrots,milk,juice,cream,bread,chicken,cookies,pasta,ice_cream,oil,onions,muffins,bananas,beef,rice,apples,eggs"
CUST_103,"carrots,milk,bread,cookies,onions,bananas,apples,eggs"
CUST_104,"pork,soda,cookies,pasta,beans,tomatoes,strawberries,rice"
CUST_105,"butter,lettuce,milk,bread,chicken,cookies,tomatoes,cheese,fish,eggs"
CUST_106,"butter,carrots,milk,bread,chicken,cookies,pasta,oil,onions,bananas,beef,tomatoes,rice,apples,eggs"
CUST_107,"water,frozen_pizza,soda,coffee,beer,pasta,bagels,sugar,chips"
CUST_108,"lettuce,milk,bread,chicken,cookies,tomatoes,cheese,fish,eggs"
CUST_109,"lettuce,chicken,tomatoes,cheese,fish"
CUST_110,"butter,carrots,milk,nuts,juice,bread,chicken,cookies,ice_cream,onions,grapes,bananas,beef,apples,eggs"
CUST_111,"nuts,milk,bread,chicken,cookies,pasta,oil,tomatoes,beef,turkey,rice,cheese,eggs"
CUST_112,"carrots,milk,juice,bread,chicken,cookies,pasta,ice_cream,oil,onions,bananas,beef,turkey,rice,apples,eggs"
CUST_113,"milk,coffee,bread,cookies,beer,sugar"
CUST_114,"bread,cookies,milk,eggs"
CUST_115,"carrots,milk,juice,bread,chicken,cookies,ice_cream,onions,bananas,beef,apples,eggs"
CUST_116,"butter,carrots,milk,juice,bread,chicken,cookies,ice_cream,onions,bananas,beef,apples,eggs"
CUST_117,"milk,bread,chicken,cookies,beef,eggs"
CUST_118,"butter,carrots,milk,bread,chicken,oil,onions,bananas,beef,turkey,apples,eggs"
CUST_119,"butter,milk,coffee,bread,cookies,beer"
CUST_120,"carrots,milk,pork,juice,bread,chicken,cookies,pasta,ice_cream,oil,onions,grapes,bananas,beef,rice,apples,eggs"
CUST_121,"pork,coffee,pasta,beans,bananas,tomatoes,rice,eggs"
CUST_122,"lettuce,wine,milk,bread,pasta,tomatoes,cheese,eggs"
CUST_123,"carrots,pasta,oil,onions,bananas,tomatoes,rice,apples"
CUST_124,"butter,lettuce,milk,bread,cookies,tomatoes,cheese,eggs"
CUST_125,"coffee,bread,beer,milk"
CUST_126,"lettuce,carrots,milk,bread,pasta,oil,onions,bananas,rice,apples,eggs"
CUST_127,"butter,milk,juice,bread,chicken,cookies,ice_cream,beef,eggs"
CUST_128,"soda,frozen_pizza,pasta,tomatoes,chips"
CUST_129,"milk,soda,coffee,bread,cookies,beer,sugar,turkey,chips"
CUST_130,"milk,soda,coffee,bread,beer,muffins,bananas,sugar,chips"
CUST_131,"lettuce,wine,milk,bread,chicken,cookies,pasta,tomatoes,cheese,fish,eggs"
CUST_132,"butter,carrots,milk,juice,bread,chicken,cookies,pasta,ice_cream,oil,onions,bananas,beef,tomatoes,rice,apples,eggs"
CUST_133,"butter,lettuce,milk,bread,cookies,tomatoes,cheese,eggs"
CUST_134,"butter,milk,bread,chicken,pasta,oil,beef,tomatoes,rice,eggs"
CUST_135,"carrots,milk,juice,bread,cookies,ice_cream,onions,bananas,apples,eggs"
CUST_136,"coffee,pasta,beans,muffins,bananas,sugar,rice"
CUST_137,"lettuce,wine,pasta,tomatoes,cheese"
CUST_138,"strawberries,cookies,ice_cream,juice"
CUST_139,"carrots,milk,wine,bread,chicken,pasta,oil,onions,bananas,beef,tomatoes,rice,apples,eggs"
CUST_140,"carrots,milk,juice,bread,cookies,ice_cream,pasta,oil,onions,bananas,tomatoes,rice,apples,eggs"
CUST_141,"butter,lettuce,milk,bread,chicken,cookies,tomatoes,cheese,fish,eggs"
CUST_142,"carrots,milk,bread,chicken,pasta,oil,onions,muffins,bananas,beef,tomatoes,rice,apples,eggs"
CUST_143,"carrots,milk,juice,bread,chicken,cookies,ice_cream,beans,onions,bananas,beef,vinegar,apples,eggs"
CUST_144,"butter,milk,soda,bread,cheese"
CUST_145,"milk,bread,chicken,cookies,fish,eggs"
CUST_146,"butter,milk,bread,cookies,spinach,beef,eggs"
CUST_147,"carrots,milk,bread,chicken,onions,bananas,beef,apples,eggs"
CUST_148,"wine,milk,bread,chicken,cookies,pasta,tomatoes,fish,eggs"
CUST_149,"tomatoes,grapes,pasta,frozen_pizza"
CUST_150,"milk,frozen_pizza,soda,bread,pasta,tomatoes,chips"
CUST_151,"butter,carrots,milk,bread,onions,bananas,apples,eggs"
CUST_152,"butter,milk,juice,bread,chicken,cookies,pasta,ice_cream,oil,beef,rice,eggs"
CUST_153,"milk,juice,bread,chicken,cookies,ice_cream,beef,eggs"
CUST_154,"butter,milk,frozen_pizza,soda,coffee,bread,cookies,beer,pasta,grapes,tomatoes,chips"
CUST_155,"wine,milk,juice,bread,chicken,cookies,ice_cream,muffins,beef,eggs"
CUST_156,"lettuce,carrots,milk,juice,bread,cookies,ice_cream,onions,bananas,croissants,apples,eggs"
CUST_157,"pork,eggs"
CUST_158,"juice,cookies,ice_cream,pasta,oil,yogurt,bacon,strawberries,rice"
CUST_159,"carrots,pork,bread,chicken,onions,grapes,bananas,beef,apples"
CUST_160,"butter,carrots,milk,juice,bread,cookies,ice_cream,onions,bananas,apples,eggs"
CUST_161,"butter,lettuce,milk,bread,chicken,tomatoes,cheese,fish,eggs"
CUST_162,"carrots,milk,juice,bread,chicken,cookies,pasta,ice_cream,oil,onions,muffins,bananas,beef,tomatoes,rice,apples,eggs"
CUST_163,"butter,carrots,milk,juice,bread,chicken,cookies,ice_cream,onions,grapes,bananas,beef,crackers,apples,eggs"
CUST_164,"butter,lettuce,wine,milk,bread,cookies,pasta,tomatoes,cheese,eggs"
CUST_165,"butter,milk,bread,chicken,beer,cookies,vinegar,fish,eggs"
CUST_166,"carrots,milk,juice,bread,chicken,cookies,pasta,ice_cream,oil,onions,bananas,beef,tomatoes,rice,apples,eggs"
CUST_167,"butter,lettuce,milk,bread,chicken,onions,tomatoes,cheese,fish,eggs"
CUST_168,"butter,milk,juice,bread,chicken,cookies,pasta,ice_cream,oil,beef,tomatoes,rice,eggs"
CUST_169,"carrots,juice,chicken,cookies,ice_cream,onions,bananas,beef,apples"
CUST_170,"carrots,milk,juice,bread,chicken,cookies,pasta,ice_cream,oil,onions,bananas,beef,rice,apples,eggs"
CUST_171,"butter,carrots,milk,juice,bread,chicken,cookies,ice_cream,onions,bananas,beef,apples,eggs"
CUST_172,"butter,carrots,milk,juice,bread,chicken,cookies,pasta,ice_cream,oil,onions,bananas,beef,tomatoes,rice,apples,eggs"
CUST_173,"soda,coffee,cookies,pasta,beans,tomatoes,grapes,bananas,strawberries,rice"
CUST_174,"carrots,chicken,pasta,oil,onions,bananas,beef,tomatoes,rice,apples"
CUST_175,"carrots,milk,bread,chicken,cookies,pasta,oil,onions,bananas,beef,tomatoes,rice,apples,eggs"
CUST_176,"chicken,pasta,oil,muffins,beef,rice"
CUST_177,"butter,milk,frozen_pizza,candy,bread,pasta,tomatoes,muffins,strawberries"
CUST_178,"coffee,pasta,beans,bananas,sugar,tomatoes,rice"
CUST_179,"butter,lettuce,wine,milk,bread,chicken,pasta,tomatoes,cheese,fish,eggs"
CUST_180,"carrots,milk,juice,bread,cookies,ice_cream,pasta,tea,oil,onions,flour,tomatoes,bananas,turkey,rice,apples,eggs"
CUST_181,"butter,carrots,milk,juice,bread,chicken,cookies,ice_cream,onions,bananas,beef,strawberries,apples,eggs"
CUST_182,"pork,soda,coffee,cookies,pasta,beans,oil,grapes,bananas,rice,eggs"
CUST_183,"butter,carrots,milk,pork,juice,bread,chicken,cookies,ice_cream,onions,muffins,bananas,beef,apples,eggs"
CUST_184,"butter,water,lettuce,wine,milk,bread,chicken,pasta,grapes,spinach,tomatoes,cheese,fish,eggs"
CUST_185,"lettuce,wine,milk,bread,chicken,pasta,muffins,tomatoes,cheese,fish,eggs"
CUST_186,"carrots,cookies,ice_cream,sugar,rice,butter,onions,muffins,beef,juice,bananas,milk,bread,chicken,pasta,oil,tomatoes,apples,eggs"
CUST_187,"butter,milk,frozen_pizza,soda,coffee,bread,cookies,beer,pasta,tomatoes"
CUST_188,"milk,juice,bread,chicken,cookies,pasta,ice_cream,oil,muffins,beef,tomatoes,rice,eggs"
CUST_189,"milk,frozen_pizza,coffee,bread,cookies,beer,pasta,ice_cream,tomatoes,bacon,strawberries"
CUST_190,"carrots,milk,nuts,juice,bread,cookies,ice_cream,pasta,oil,onions,muffins,bananas,tomatoes,rice,apples,eggs"
CUST_191,"carrots,milk,juice,bread,chicken,cookies,ice_cream,onions,bananas,beef,apples,eggs"
CUST_192,"lettuce,wine,milk,bread,chicken,cookies,pasta,muffins,tomatoes,cheese,fish,eggs"
CUST_193,"pork,soda,coffee,cookies,pasta,beans,bananas,tomatoes,rice,eggs"
CUST_194,"butter,lettuce,wine,milk,bread,chicken,cookies,pasta,muffins,tomatoes,cheese,fish,eggs"
CUST_195,"butter,wine,milk,bread,chicken,cookies,pasta,tomatoes,frozen_vegetables,fish,eggs"
CUST_196,"butter,milk,bread,chicken,fish,eggs"
CUST_197,"lettuce,milk,bread,chicken,cookies,tomatoes,cheese,fish,eggs"
CUST_198,"butter,carrots,milk,soda,bread,cookies,onions,bananas,apples,eggs"
CUST_199,"butter,carrots,milk,bread,chicken,oranges,pasta,oil,onions,bananas,beef,tomatoes,rice,apples,eggs"
CUST_200,"butter,lettuce,milk,bread,tomatoes,cheese,eggs"
CUST_201,"lettuce,wine,milk,bread,cookies,pasta,bagels,tomatoes,cheese,eggs"
CUST_202,"milk,juice,bread,chicken,cookies,ice_cream,beef,eggs"
CUST_203,"lettuce,wine,milk,bread,cookies,pasta,tomatoes,cheese,eggs"
CUST_204,"carrots,milk,juice,bread,chicken,cookies,pasta,ice_cream,oil,onions,grapes,bananas,beef,rice,apples,eggs"
CUST_205,"butter,carrots,milk,bread,cookies,onions,bananas,apples,eggs"
CUST_206,"wine,milk,bread,chicken,cookies,pasta,tomatoes,fish,eggs"
CUST_207,"bread,muffins,milk"
CUST_208,"butter,carrots,milk,juice,bread,chicken,cookies,pasta,ice_cream,oil,onions,tomatoes,bananas,beef,turkey,rice,apples,eggs"
CUST_209,"pork,soda,cookies,pasta,beans,oil,yogurt,strawberries,rice,eggs"
CUST_210,"butter,carrots,milk,bread,chicken,onions,bananas,beef,apples,eggs"
CUST_211,"butter,lettuce,milk,bread,chicken,cookies,pizza_dough,tomatoes,cheese,fish,eggs"
CUST_212,"butter,carrots,milk,bread,chicken,cookies,pasta,oil,onions,bananas,beef,rice,apples,eggs"
CUST_213,"carrots,milk,bread,chicken,cookies,pasta,oil,onions,muffins,bananas,beef,tomatoes,rice,apples,eggs"
CUST_214,"carrots,chicken,onions,bananas,beef,apples"
CUST_215,"carrots,milk,bread,pasta,oil,onions,bananas,tomatoes,rice,apples,eggs"
CUST_216,"bread,cookies,milk"
CUST_217,"rice,pasta,beans"
CUST_218,"butter,milk,bread,chicken,cookies,fish,eggs"
CUST_219,"butter,pork,milk,frozen_pizza,soda,coffee,bread,cookies,beer,pasta,pizza_dough,sugar,tomatoes,chips"
CUST_220,"lettuce,wine,milk,bread,cookies,pasta,tomatoes,cheese,eggs"
CUST_221,"butter,carrots,milk,bread,onions,bananas,apples,eggs"
CUST_222,"butter,milk,soda,coffee,bread,beer,muffins,chips"
CUST_223,"butter,carrots,milk,wine,bread,chicken,pasta,oil,onions,bananas,beef,rice,apples,eggs"
CUST_224,"butter,milk,juice,bread,chicken,cookies,pasta,ice_cream,oil,beef,tomatoes,rice,eggs"
CUST_225,"carrots,milk,juice,bread,cookies,ice_cream,onions,bananas,apples,eggs"
CUST_226,"butter,carrots,milk,bread,chicken,cookies,pasta,oil,onions,bananas,beef,tomatoes,rice,apples,eggs"
CUST_227,"pasta,beans,tomatoes,turkey,rice"
CUST_228,"carrots,milk,bread,chicken,cookies,onions,bananas,beef,apples,eggs"
CUST_229,"wine,milk,bread,chicken,cookies,pasta,fish,eggs"
CUST_230,"lettuce,wine,milk,bread,chicken,cookies,pasta,tomatoes,fish,eggs"
CUST_231,"soda,coffee,beer,sugar,apples,fish,chips"
CUST_232,"butter,carrots,milk,juice,bread,cookies,ice_cream,onions,bananas,apples,eggs"
CUST_233,"juice,pasta,beans,tomatoes,rice,fish"
CUST_234,"butter,lettuce,wine,milk,bread,chicken,cookies,pasta,tomatoes,frozen_vegetables,cheese,fish,eggs"
CUST_235,"butter,wine,milk,bread,chicken,cookies,pasta,fish,eggs"
CUST_236,"carrots,milk,juice,soda,frozen_pizza,bread,chicken,cookies,ice_cream,onions,bananas,beef,apples,eggs"
CUST_237,"milk,coffee,bread,beer,eggs"
CUST_238,"milk,frozen_pizza,bread,cookies,pasta,tomatoes"
CUST_239,"butter,carrots,milk,bread,pasta,oil,onions,bananas,tomatoes,rice,apples,eggs"
CUST_240,"milk,frozen_pizza,bread,cookies,pasta,tomatoes"
CUST_241,"pork,soda,frozen_pizza,pasta,grapes,tomatoes,chips"
CUST_242,"butter,milk,frozen_pizza,soda,bread,pasta,tomatoes,chips"
CUST_243,"pork,coffee,pasta,beans,tea,onions,bananas,sugar,rice,eggs"
CUST_244,"lettuce,milk,bread,cookies,pizza_dough,tomatoes,cheese,eggs"
CUST_245,"butter,carrots,milk,pork,bread,pasta,oil,onions,bananas,tomatoes,rice,apples,eggs"
CUST_246,"butter,milk,frozen_pizza,coffee,bread,cookies,beer,pasta"
CUST_247,"milk,frozen_pizza,coffee,bread,cookies,beer,pasta,sugar"
CUST_248,"onions,carrots,apples,bananas"
CUST_249,"lettuce,milk,bread,chicken,muffins,tomatoes,cheese,fish,eggs"
CUST_250,"milk,frozen_pizza,bread,pasta,tomatoes"
CUST_251,"butter,milk,frozen_pizza,bread,cookies,pasta,frozen_vegetables"
CUST_252,"strawberries,bread,milk,butter"
CUST_253,"carrots,milk,wine,bread,cookies,pasta,oil,onions,bananas,tomatoes,rice,apples,eggs"
CUST_254,"butter,carrots,milk,juice,bread,chicken,cookies,ice_cream,onions,bananas,beef,apples,eggs"
CUST_255,"bread,cookies,muffins,milk"
CUST_256,"butter,milk,soda,bread,cookies,strawberries,chips"
CUST_257,"butter,milk,frozen_pizza,soda,coffee,bread,cookies,beer,pasta,tomatoes,chips"
CUST_258,"milk,juice,bread,chicken,cookies,pasta,oil,beef,tomatoes,rice,fish,eggs"
CUST_259,"milk,bread,chicken,cookies,pasta,oil,beef,tomatoes,rice,eggs"
CUST_260,"milk,coffee,bread,chicken,beer,cookies,bananas,sugar"
CUST_261,"pork,soda,coffee,cookies,pasta,beans,bananas,sugar,rice,eggs"
CUST_262,"coffee,beer,chips,soda"
CUST_263,"strawberries,beans,candy"
CUST_264,"lettuce,chicken,yogurt,tomatoes,cheese,fish"
CUST_265,"tomatoes,bread,cookies,milk"
CUST_266,"butter,milk,bread,chicken,cookies,muffins,beef,eggs"
CUST_267,"lettuce,milk,bread,chicken,cookies,tomatoes,cheese,fish,eggs"
CUST_268,"wine,milk,bread,chicken,pasta,fish,eggs"
CUST_269,"carrots,coffee,pasta,beans,grapes,bananas,tomatoes,rice"
CUST_270,"carrots,milk,juice,bread,chicken,cookies,ice_cream,onions,grapes,spinach,bananas,beef,turkey,apples,eggs"
CUST_271,"carrots,milk,bread,chicken,cookies,pasta,oil,onions,bananas,beef,tomatoes,rice,apples,eggs"
CUST_272,"lettuce,wine,chicken,pasta,tomatoes,cheese,fish"
CUST_273,"milk,frozen_pizza,coffee,bread,cookies,beer,pasta,tomatoes,muffins,turkey"
CUST_274,"wine,milk,bread,chicken,cookies,pasta,tomatoes,fish,eggs"
CUST_275,"frozen_pizza,soda,coffee,beer,pasta,oil,bacon,chips"
CUST_276,"coffee,pasta,beans,bananas,rice,cheese"
CUST_277,"frozen_pizza,soda,coffee,beer,pasta,tomatoes,chips"
CUST_278,"lettuce,milk,bread,chicken,tomatoes,cheese,fish,eggs"
CUST_279,"butter,carrots,juice,chicken,cookies,pasta,ice_cream,oil,onions,tomatoes,bananas,beef,strawberries,rice,apples,turkey"
CUST_280,"pork,coffee,pasta,beans,bananas,rice,eggs"
CUST_281,"pork,pasta,beans,tomatoes,rice,eggs"
CUST_282,"coffee,bread,beer,milk"
CUST_283,"lettuce,wine,milk,bread,chicken,cookies,pasta,yogurt,tomatoes,cheese,fish,eggs"
CUST_284,"carrots,milk,bread,chicken,pasta,oil,onions,bananas,beef,rice,apples,eggs"
CUST_285,"rice,pasta,beans"
CUST_286,"carrots,milk,bread,chicken,onions,bananas,beef,apples,eggs"
CUST_287,"butter,milk,frozen_pizza,soda,bread,pasta,tomatoes,chips"
CUST_288,"butter,water,carrots,milk,bread,chicken,pasta,oil,onions,bananas,beef,tomatoes,rice,apples,fish,eggs"
CUST_289,"butter,milk,juice,bread,chicken,cookies,ice_cream,beef,eggs"
CUST_290,"carrots,milk,juice,bread,chicken,cookies,pasta,ice_cream,oil,onions,bananas,beef,rice,apples,eggs"
CUST_291,"carrots,milk,juice,bread,cookies,ice_cream,pasta,oil,onions,tomatoes,bananas,turkey,rice,apples,eggs"
CUST_292,"butter,lettuce,milk,soda,bread,chicken,cookies,strawberries,fish,eggs"
CUST_293,"soda,frozen_pizza,pasta,tomatoes,strawberries"
CUST_294,"carrots,milk,frozen_pizza,soda,bread,pasta,tomatoes,muffins,strawberries,chips"
CUST_295,"butter,carrots,milk,bread,cookies,pasta,oil,onions,bananas,tomatoes,rice,apples,eggs"
CUST_296,"coffee,beer,chips,soda"
CUST_297,"water,milk,frozen_pizza,soda,coffee,bread,cookies,beer,pasta,sugar,tomatoes,chips"
CUST_298,"butter,milk,frozen_pizza,bread,pasta,tomatoes"
CUST_299,"strawberries,pasta,frozen_pizza"
CUST_300,"carrots,milk,bread,chicken,pasta,oil,onions,bananas,beef,tomatoes,rice,apples,eggs"
CUST_301,"butter,lettuce,milk,bread,chicken,cookies,tomatoes,cheese,fish,eggs"
CUST_302,"butter,milk,frozen_pizza,coffee,bread,beer,pasta,sugar,tomatoes"
CUST_303,"lettuce,milk,bread,muffins,tomatoes,cheese,eggs"
CUST_304,"water,ice_cream"
CUST_305,"butter,carrots,milk,juice,bread,chicken,cookies,pasta,ice_cream,oil,onions,bananas,beef,tomatoes,rice,apples,eggs"
CUST_306,"carrots,milk,juice,bread,chicken,cookies,ice_cream,onions,grapes,bananas,beef,apples,eggs"
CUST_307,"pork,coffee,pasta,beans,bananas,sugar,rice,eggs"
CUST_308,"soda,coffee,beer,onions,chips"
CUST_309,"butter,carrots,milk,bread,chicken,ice_cream,cookies,onions,bananas,beef,turkey,apples,eggs"
CUST_310,"butter,milk,bread,chicken,fish,eggs"
CUST_311,"butter,lettuce,milk,bread,cookies,tomatoes,cheese,eggs"
CUST_312,"butter,lettuce,wine,milk,bread,pasta,onions,tomatoes,cheese,eggs"
CUST_313,"butter,lettuce,milk,bread,chicken,cookies,tomatoes,cheese,fish,eggs"
CUST_314,"butter,lettuce,milk,turkey,bread,chicken,tomatoes,cheese,fish,eggs"
CUST_315,"butter,milk,frozen_pizza,soda,coffee,bread,beer,pasta,sugar,tomatoes,chips"
CUST_316,"milk,frozen_pizza,soda,bread,cookies,pasta,tomatoes,chips"
CUST_317,"butter,lettuce,wine,milk,bread,chicken,cookies,pasta,tomatoes,cheese,fish,eggs"
CUST_318,"butter,lettuce,wine,milk,bread,pasta,tomatoes,cheese,eggs"
CUST_319,"butter,pork,milk,bread,chicken,cookies,muffins,beef,eggs"
CUST_320,"lettuce,milk,bread,chicken,cookies,tomatoes,cheese,fish,eggs"
CUST_321,"butter,milk,soda,bread,cookies,frozen_vegetables,chips"
CUST_322,"milk,bread,grapes,sugar,turkey,eggs"
CUST_323,"butter,milk,bread,cookies,eggs"
CUST_324,"lettuce,milk,bread,chicken,cookies,pizza_dough,tomatoes,vinegar,cheese,fish,eggs"
CUST_325,"butter,milk,bread,chicken,cookies,fish,eggs"
CUST_326,"pork,pasta,beans,tomatoes,rice,eggs"
CUST_327,"butter,lettuce,milk,bread,chicken,cookies,grapes,tomatoes,cheese,fish,eggs"
CUST_328,"butter,nuts,milk,juice,bread,cookies,ice_cream,muffins,eggs"
CUST_329,"carrots,juice,chicken,cookies,pasta,ice_cream,oil,onions,muffins,bananas,beef,tomatoes,rice,apples"
CUST_330,"carrots,milk,juice,bread,chicken,cookies,pasta,ice_cream,oil,onions,bananas,beef,turkey,rice,apples,eggs"
CUST_331,"milk,bread,pasta,oil,tomatoes,rice,eggs"
CUST_332,"butter,milk,bread,chicken,fish,eggs"
CUST_333,"butter,carrots,milk,bread,chicken,onions,bananas,beef,apples,eggs"
CUST_334,"lettuce,milk,bread,chicken,cookies,pasta,tomatoes,cheese,fish,eggs"
CUST_335,"carrots,milk,juice,bread,cookies,ice_cream,pasta,oil,onions,bananas,rice,apples,eggs"
CUST_336,"water,carrots,cookies,ice_cream,beer,rice,butter,onions,beef,juice,bananas,milk,bread,chicken,pasta,oil,tomatoes,apples,eggs"
CUST_337,"butter,carrots,milk,juice,bread,chicken,cookies,pasta,ice_cream,oil,onions,bananas,beef,tomatoes,rice,apples,eggs"
CUST_338,"tomatoes,lettuce,cheese,turkey"
CUST_339,"butter,lettuce,wine,milk,coffee,bread,chicken,pasta,tomatoes,frozen_vegetables,cheese,fish,eggs"
CUST_340,"coffee,beer,pasta,frozen_pizza"
CUST_341,"butter,milk,bread,chicken,cookies,pasta,oil,beef,tomatoes,rice,eggs"
CUST_342,"butter,milk,bread,chicken,beer,fish,eggs"
CUST_343,"coffee,pasta,beans,bananas,sugar,tomatoes,rice"
CUST_344,"wine,milk,bread,cookies,pasta,tomatoes,crackers,eggs"
CUST_345,"carrots,juice,chicken,cookies,pasta,ice_cream,oil,onions,bananas,beef,rice,apples"
CUST_346,"carrots,juice,chicken,cookies,pasta,ice_cream,oil,onions,tomatoes,bananas,beef,strawberries,rice,apples"
CUST_347,"carrots,juice,chicken,cookies,ice_cream,onions,bananas,beef,apples"
CUST_348,"milk,frozen_pizza,bread,pasta,tomatoes"
CUST_349,"carrots,milk,juice,bread,chicken,cookies,pasta,ice_cream,oil,onions,bananas,beef,rice,apples,eggs"
CUST_350,"butter,lettuce,wine,milk,bread,cookies,pasta,grapes,tomatoes,cheese,eggs"
CUST_351,"butter,lettuce,wine,milk,bread,pasta,tomatoes,cheese,eggs"
CUST_352,"butter,lettuce,wine,milk,bread,chicken,cookies,pasta,tomatoes,cheese,fish,eggs"
CUST_353,"frozen_pizza,soda,coffee,beer,pasta,sugar,chips"
CUST_354,"pork,pasta,beans,rice,eggs"
CUST_355,"milk,juice,bread,chicken,cookies,pasta,ice_cream,oil,beef,tomatoes,rice,crackers,eggs"
CUST_356,"lettuce,milk,bread,chicken,cookies,tomatoes,cheese,fish,eggs"
CUST_357,"butter,lettuce,milk,bread,chicken,tomatoes,cheese,fish,eggs"
CUST_358,"butter,milk,bread,chicken,cookies,pasta,oil,beef,rice,eggs"
CUST_359,"milk,bread,chicken,beef,crackers,eggs"
CUST_360,"coffee,bananas"
CUST_361,"frozen_pizza,soda,coffee,beer,pasta,sugar,tomatoes,chips"
CUST_362,"pork,soda,cookies,pasta,beans,tomatoes,rice,eggs"
CUST_363,"cookies,pork,eggs,soda"
CUST_364,"carrots,milk,bread,chicken,cookies,pasta,oil,onions,bananas,beef,rice,apples,eggs"
CUST_365,"lettuce,wine,chicken,pasta,tomatoes,cheese,fish"
CUST_366,"milk,frozen_pizza,coffee,bread,beer,pasta,tomatoes,sugar,turkey"
CUST_367,"butter,lettuce,wine,milk,bread,cookies,pasta,tomatoes,cheese,eggs"
CUST_368,"wine,milk,bread,cookies,pasta,eggs"
CUST_369,"carrots,milk,juice,bread,chicken,cookies,pasta,ice_cream,oil,onions,bananas,beef,rice,apples,eggs"
CUST_370,"milk,soda,coffee,bread,cookies,beer,sugar,vinegar,chips"
CUST_371,"butter,milk,bread,chicken,cookies,pasta,oil,beef,tomatoes,rice,eggs"
CUST_372,"milk,frozen_pizza,bread,cookies,pasta,muffins,sugar,tomatoes"
CUST_373,"carrots,milk,juice,bread,chicken,cookies,pasta,ice_cream,oil,onions,tomatoes,bananas,beef,turkey,rice,apples,eggs"
CUST_374,"carrots,milk,juice,bread,cookies,ice_cream,onions,bananas,strawberries,apples,eggs"
CUST_375,"lettuce,milk,juice,bread,chicken,tomatoes,cheese,fish,eggs"
CUST_376,"butter,milk,frozen_pizza,bread,pasta,pizza_dough,tomatoes"
CUST_377,"pork,coffee,pasta,beans,tomatoes,bananas,sugar,turkey,rice,eggs"
CUST_378,"butter,milk,frozen_pizza,soda,bread,pasta,chips"
CUST_379,"lettuce,milk,bread,chicken,tomatoes,cheese,fish,eggs"
CUST_380,"coffee,eggs,pork,bananas"
CUST_381,"pork,pasta,beans,muffins,bananas,tomatoes,rice,eggs"
CUST_382,"pork,soda,coffee,cookies,pasta,beans,bananas,tomatoes,rice,eggs"
CUST_383,"butter,lettuce,wine,milk,bread,chicken,cookies,pasta,tomatoes,cheese,fish,eggs"
CUST_384,"lettuce,carrots,coffee,onions,bananas,apples"
CUST_385,"pork,coffee,pasta,beans,muffins,bananas,sugar,tomatoes,rice,eggs"
CUST_386,"carrots,juice,chicken,cookies,pasta,ice_cream,oil,onions,bananas,beef,tomatoes,rice,apples"
CUST_387,"butter,milk,coffee,bread,beer"
CUST_388,"turkey,tomatoes"
CUST_389,"milk,juice,bread,cookies,ice_cream,pasta,pepper,oil,tomatoes,rice,eggs"
CUST_390,"carrots,milk,juice,bread,cookies,ice_cream,pasta,oil,onions,bananas,tomatoes,rice,apples,eggs"
CUST_391,"tomatoes,lettuce,cheese"
CUST_392,"lettuce,milk,bread,cookies,beer,bacon,tomatoes,cheese,eggs"
CUST_393,"carrots,milk,bread,chicken,chips,oranges,onions,bananas,beef,apples,eggs"
CUST_394,"carrots,milk,bread,chicken,cookies,pasta,oil,onions,bananas,beef,tomatoes,rice,apples,eggs"
CUST_395,"pork,coffee,pasta,beans,bananas,sugar,tomatoes,rice,eggs"
CUST_396,"butter,wine,milk,bread,pasta,tomatoes,eggs"
CUST_397,"butter,milk,frozen_pizza,soda,coffee,bread,beer,pasta,tomatoes,chips"
CUST_398,"carrots,pasta,oil,onions,grapes,bananas,rice,apples"
CUST_399,"lettuce,milk,bread,cookies,tomatoes,cheese,eggs"
CUST_400,"carrots,milk,juice,bread,cookies,ice_cream,pasta,oil,onions,bananas,tomatoes,rice,apples,eggs"
CUST_401,"butter,milk,bread,chicken,beef,bacon,eggs"
CUST_402,"frozen_pizza,coffee,oranges,beer,pasta,tomatoes,turkey"
CUST_403,"milk,soda,coffee,bread,beer,muffins,sugar,chips"
CUST_404,"lettuce,wine,milk,bread,chicken,pasta,tomatoes,cheese,fish,eggs"
CUST_405,"butter,carrots,milk,bread,chicken,cookies,pasta,oil,onions,tomatoes,bananas,beef,strawberries,rice,apples,eggs"
CUST_406,"butter,milk,juice,bread,chicken,cookies,pasta,ice_cream,oil,tomatoes,beef,strawberries,rice,eggs"
CUST_407,"butter,carrots,milk,juice,coffee,bread,chicken,cookies,ice_cream,onions,bananas,beef,apples,eggs"
CUST_408,"butter,lettuce,milk,bread,chicken,cookies,tomatoes,cheese,fish,eggs"
CUST_409,"lettuce,wine,milk,bread,chicken,pasta,tomatoes,cheese,fish,eggs"
CUST_410,"carrots,milk,juice,bread,cookies,ice_cream,pasta,oil,onions,bananas,tomatoes,rice,apples,eggs"
CUST_411,"carrots,milk,juice,bread,chicken,cookies,ice_cream,onions,bananas,beef,turkey,apples,eggs"
CUST_412,"carrots,milk,bread,chicken,cookies,onions,bananas,beef,apples,eggs"
CUST_413,"butter,lettuce,milk,bread,cookies,tomatoes,cheese,eggs"
CUST_414,"butter,bread,milk,eggs"
CUST_415,"butter,milk,coffee,bread,beer"
CUST_416,"milk,frozen_pizza,coffee,bread,cookies,beer,pasta,sugar"
CUST_417,"coffee,beer,sugar"
CUST_418,"butter,milk,soda,coffee,bread,beer,turkey,chips"
CUST_419,"pasta,frozen_pizza"
CUST_420,"pork,coffee,pasta,beans,bananas,sugar,rice,eggs"
CUST_421,"carrots,milk,bread,chicken,cookies,onions,bananas,beef,apples,eggs"
CUST_422,"milk,juice,coffee,bread,cookies,beer,sugar"
CUST_423,"butter,milk,bread,pasta,oil,tomatoes,rice,eggs"
CUST_424,"milk,frozen_pizza,bread,pasta,tomatoes"
CUST_425,"butter,milk,juice,bread,chicken,cookies,ice_cream,beef,eggs"
CUST_426,"carrots,milk,juice,bread,chicken,cookies,pasta,ice_cream,oil,onions,bananas,beef,tomatoes,rice,apples,eggs"
CUST_427,"butter,lettuce,milk,bread,chicken,cookies,onions,yogurt,tomatoes,cheese,fish,eggs"
CUST_428,"butter,carrots,milk,bread,cookies,onions,bananas,apples,eggs"
CUST_429,"lettuce,wine,milk,coffee,bread,chicken,pasta,oil,tomatoes,cheese,fish,eggs"
CUST_430,"carrots,milk,juice,bread,chicken,cookies,pasta,ice_cream,oil,onions,bananas,beef,tomatoes,rice,apples,eggs"
CUST_431,"butter,lettuce,milk,bread,chicken,cookies,tomatoes,cheese,fish,eggs"
CUST_432,"lettuce,milk,turkey,bread,chicken,cookies,pizza_dough,tomatoes,cheese,fish,eggs"
CUST_433,"pork,soda,coffee,cookies,pasta,beans,bananas,sugar,tomatoes,rice,eggs"
CUST_434,"carrots,milk,juice,bread,cookies,ice_cream,pasta,oil,onions,bananas,tomatoes,rice,apples,eggs"
CUST_435,"lettuce,wine,milk,bread,cookies,pasta,muffins,tomatoes,cheese,eggs"
CUST_436,"carrots,chicken,pasta,oil,onions,bananas,beef,tomatoes,rice,apples"
CUST_437,"milk,soda,coffee,bread,cookies,beer,muffins,sugar,chips"
CUST_438,"strawberries,chips"
CUST_439,"butter,carrots,milk,bread,chicken,cookies,pasta,oil,onions,grapes,bananas,beef,rice,apples,eggs"
CUST_440,"carrots,milk,bread,chicken,cookies,pasta,oil,onions,bananas,beef,tomatoes,rice,apples,eggs"
CUST_441,"butter,milk,frozen_pizza,bread,pasta"
CUST_442,"carrots,juice,chicken,cookies,pasta,ice_cream,oil,onions,tomatoes,bananas,beef,crackers,rice,apples"
CUST_443,"butter,carrots,milk,bread,chicken,cookies,onions,bananas,beef,apples,eggs"
CUST_444,"butter,milk,frozen_pizza,bread,pasta,tomatoes"
CUST_445,"salt,pork,coffee,oranges,pasta,beans,bananas,tomatoes,rice,eggs"
CUST_446,"butter,milk,soda,bread,cookies,grapes,chips"
CUST_447,"carrots,milk,juice,bread,chicken,cookies,ice_cream,onions,muffins,bananas,beef,apples,eggs"
CUST_448,"milk,frozen_pizza,bread,cookies,pasta,oil"
CUST_449,"lettuce,wine,milk,bread,chicken,pasta,tomatoes,cheese,fish,eggs"
CUST_450,"butter,carrots,milk,juice,bread,chicken,cookies,pasta,ice_cream,oil,onions,bananas,beef,tomatoes,rice,apples,eggs"
CUST_451,"carrots,milk,bread,chicken,cookies,pasta,oil,onions,bananas,beef,rice,apples,eggs"
CUST_452,"tomatoes,lettuce,cheese,muffins"
CUST_453,"soda,coffee,cookies,pasta,beans,bananas,tomatoes,rice"
CUST_454,"milk,soda,coffee,bread,beer,muffins,chips"
CUST_455,"soda,cookies,pasta,beans,tomatoes,rice"
CUST_456,"butter,carrots,milk,bread,chicken,cookies,onions,bananas,beef,apples,eggs"
CUST_457,"butter,carrots,milk,juice,bread,chicken,cookies,ice_cream,onions,bananas,beef,apples,eggs"
CUST_458,"butter,lettuce,milk,bread,chicken,tomatoes,cheese,fish,eggs"
CUST_459,"lettuce,milk,bread,cookies,muffins,tomatoes,cheese,eggs"
CUST_460,"butter,carrots,milk,bread,cookies,onions,bananas,apples,eggs"
CUST_461,"carrots,milk,juice,candy,bread,chicken,cookies,pasta,ice_cream,oil,onions,bananas,beef,rice,apples,eggs"
CUST_462,"carrots,milk,bread,chicken,pasta,oil,onions,bananas,beef,tomatoes,rice,apples,eggs"
CUST_463,"butter,carrots,milk,bread,chicken,cookies,onions,bananas,beef,apples,eggs"
CUST_464,"lettuce,milk,bread,chicken,ice_cream,pasta,cookies,grapes,tomatoes,cheese,fish,eggs"
CUST_465,"butter,wine,milk,frozen_pizza,coffee,bread,cookies,beer,pasta,muffins,sugar,tomatoes"
CUST_466,"butter,carrots,milk,bread,chicken,cookies,onions,bananas,beef,apples,eggs"
CUST_467,"butter,milk,soda,coffee,bread,cookies,grapes,chips"
CUST_468,"butter,milk,soda,coffee,bread,cookies,beer,ice_cream,chips"
CUST_469,"pork,pasta,beans,tomatoes,rice,eggs"
CUST_470,"butter,water,milk,soda,juice,bread,strawberries,chips"
CUST_471,"coffee,beer,sugar"
CUST_472,"butter,milk,frozen_pizza,soda,coffee,bread,beer,pasta,tomatoes,chips"
CUST_473,"salt,pasta,beans,tomatoes,rice"
CUST_474,"butter,milk,bread,chicken,pasta,oil,beef,rice,eggs"
CUST_475,"butter,lettuce,milk,bread,chicken,tomatoes,cheese,fish,eggs"
CUST_476,"butter,milk,soda,bread,strawberries,chips"
CUST_477,"pork,juice,chicken,cookies,pasta,ice_cream,oil,beef,tomatoes,rice"
CUST_478,"butter,milk,frozen_pizza,soda,coffee,bread,cookies,beer,pasta,muffins,fish,chips"
CUST_479,"strawberries,butter,lettuce,milk,bread,chicken,tomatoes,cheese,fish,eggs"
CUST_480,"butter,bread,cookies,milk"
CUST_481,"butter,lettuce,wine,milk,bread,pasta,tomatoes,cheese,eggs"
CUST_482,"butter,milk,frozen_pizza,bread,cookies,ice_cream,pasta,turkey"
CUST_483,"carrots,milk,juice,bread,chicken,cookies,pasta,ice_cream,oil,onions,bananas,beef,tomatoes,rice,apples,eggs"
CUST_484,"butter,milk,frozen_pizza,soda,coffee,bread,juice,beer,pasta,cookies,muffins,tomatoes"
CUST_485,"butter,carrots,milk,juice,bread,chicken,cookies,ice_cream,onions,bananas,beef,apples,eggs"
CUST_486,"milk,frozen_pizza,coffee,bread,beer,pasta"
CUST_487,"butter,lettuce,milk,bread,chicken,cookies,tomatoes,cheese,fish,eggs"
CUST_488,"milk,bread,chicken,cookies,spinach,fish,eggs"
CUST_489,"milk,juice,bread,chicken,cookies,pasta,ice_cream,oil,beef,bananas,tomatoes,rice,eggs"
CUST_490,"carrots,milk,juice,bread,chicken,cookies,ice_cream,beans,onions,bananas,beef,crackers,apples,eggs"
CUST_491,"wine,milk,bread,cookies,pasta,tomatoes,eggs"
CUST_492,"butter,salt,lettuce,milk,bread,cookies,tomatoes,cheese,eggs"
CUST_493,"rice,muffins,pasta,beans"
CUST_494,"lettuce,milk,candy,bread,cookies,flour,tomatoes,cheese,eggs"
CUST_495,"carrots,milk,bread,chicken,cookies,pasta,oil,onions,bananas,beef,rice,apples,eggs"
CUST_496,"strawberries,butter,lettuce,milk,bread,tomatoes,cheese,eggs"
CUST_497,"carrots,milk,bread,onions,bananas,apples,eggs"
CUST_498,"carrots,milk,cream,bread,chicken,beer,pasta,oil,onions,bananas,beef,rice,apples,eggs"
CUST_499,"tomatoes,salt,pasta,frozen_pizza"
CUST_500,"strawberries,chicken,fish"
CUST_501,"butter,carrots,milk,juice,bread,chicken,cookies,ice_cream,onions,bananas,beef,apples,eggs"
CUST_502,"carrots,milk,juice,bread,chicken,cookies,ice_cream,onions,bananas,beef,apples,eggs"
CUST_503,"butter,carrots,milk,juice,bread,cookies,ice_cream,pasta,oil,onions,bananas,tomatoes,rice,apples,eggs"
CUST_504,"coffee,pizza_dough"
CUST_505,"butter,lettuce,milk,bread,chicken,cookies,tomatoes,cheese,fish,eggs"
CUST_506,"carrots,milk,bread,cookies,onions,bananas,apples,eggs"
CUST_507,"coffee,pasta,beans,bananas,tomatoes,rice"
CUST_508,"butter,carrots,milk,juice,bread,chicken,cookies,ice_cream,onions,bananas,beef,apples,eggs"
CUST_509,"lettuce,wine,milk,bread,pasta,tomatoes,cheese,eggs"
CUST_510,"lettuce,wine,milk,bread,chicken,cookies,pasta,tomatoes,cheese,fish,eggs"
CUST_511,"butter,milk,frozen_pizza,soda,coffee,bread,beer,pasta,tomatoes,chips"
CUST_512,"coffee,pasta,beans,tomatoes,bananas,turkey,rice"
CUST_513,"butter,milk,coffee,bread,beer,sugar"
CUST_514,"coffee,pasta,beans,bananas,tomatoes,rice"
CUST_515,"butter,milk,soda,coffee,bread,cookies,beer,chips"
CUST_516,"carrots,milk,bread,cookies,pasta,oil,onions,bananas,tomatoes,rice,apples,eggs"
CUST_517,"butter,carrots,milk,bread,chicken,cookies,pasta,oil,onions,bananas,beef,tomatoes,rice,apples,eggs"
CUST_518,"carrots,milk,juice,bread,cookies,ice_cream,pasta,chips,oil,onions,bananas,tomatoes,rice,apples,eggs"
CUST_519,"lettuce,wine,milk,turkey,bread,chicken,pasta,tomatoes,cheese,fish,eggs"
CUST_520,"lettuce,chicken,tomatoes,cheese,fish"
CUST_521,"butter,milk,bread,chicken,yogurt,turkey,fish,eggs"
CUST_522,"milk,coffee,bread,cookies,beer,grapes,sugar"
CUST_523,"grapes,pasta,frozen_pizza"
CUST_524,"butter,carrots,milk,juice,bread,cookies,ice_cream,onions,bananas,apples,eggs"
CUST_525,"butter,carrots,milk,juice,bread,chicken,cookies,ice_cream,onions,bananas,beef,apples,eggs"
CUST_526,"butter,milk,coffee,bread,cookies,beer"
CUST_527,"butter,carrots,milk,bread,onions,bananas,apples,eggs"
CUST_528,"butter,lettuce,milk,bread,chicken,cookies,tomatoes,cheese,fish,eggs"
CUST_529,"butter,milk,frozen_pizza,soda,coffee,bread,beer,pasta,tomatoes,chips"
CUST_530,"pasta,frozen_pizza"
CUST_531,"lettuce,wine,milk,carrots,bread,chicken,cookies,pasta,muffins,tomatoes,cheese,fish,eggs"
CUST_532,"butter,carrots,milk,juice,bread,chicken,cookies,ice_cream,onions,grapes,bananas,beef,apples,eggs"
CUST_533,"lettuce,frozen_pizza,bread,chicken,tomatoes,cheese,fish"
CUST_534,"lettuce,chicken,tomatoes,cheese,fish"
CUST_535,"butter,lettuce,milk,bread,cookies,tomatoes,cheese,eggs"
CUST_536,"lettuce,wine,milk,bread,chicken,pasta,tomatoes,cheese,fish,eggs"
CUST_537,"butter,carrots,milk,juice,bread,chicken,cookies,pasta,ice_cream,oil,onions,oranges,bananas,beef,tomatoes,rice,apples,eggs"
CUST_538,"pork,soda,coffee,cookies,pasta,beans,bananas,tomatoes,rice,eggs"
CUST_539,"lettuce,wine,chicken,pasta,tomatoes,cheese,fish"
CUST_540,"butter,carrots,milk,juice,bread,cookies,ice_cream,pasta,oil,onions,tomatoes,bananas,turkey,rice,apples,eggs"
CUST_541,"butter,carrots,milk,juice,bread,cookies,ice_cream,pasta,oil,onions,bananas,tomatoes,rice,apples,eggs"
CUST_542,"lettuce,chicken,tomatoes,cheese,fish"
CUST_543,"butter,carrots,milk,juice,bread,chicken,cookies,pasta,ice_cream,oil,onions,bananas,beef,tomatoes,rice,apples,eggs"
CUST_544,"lettuce,wine,milk,bread,chicken,cookies,pasta,tomatoes,cheese,fish,eggs"
CUST_545,"carrots,chicken,onions,bananas,beef,apples"
CUST_546,"butter,milk,bread,cookies,eggs"
CUST_547,"lettuce,wine,milk,bread,chicken,pasta,tomatoes,cheese,fish,eggs"
CUST_548,"carrots,milk,juice,bread,chicken,cookies,pasta,ice_cream,oil,onions,bananas,beef,tomatoes,rice,apples,eggs"
CUST_549,"butter,lettuce,milk,frozen_pizza,bread,oranges,cookies,tomatoes,cheese,eggs"
CUST_550,"milk,coffee,bread,cookies,beer"
CUST_551,"coffee,pasta,beans,bananas,rice"
CUST_552,"butter,bread,milk"
CUST_553,"milk,frozen_pizza,soda,coffee,bread,beer,pasta,tea,tomatoes,chips"
CUST_554,"cookies,soda"
CUST_555,"milk,juice,bread,chicken,cookies,ice_cream,muffins,beef,eggs"
CUST_556,"lettuce,milk,bread,chicken,tomatoes,cheese,fish,eggs"
CUST_557,"carrots,milk,juice,bread,cookies,ice_cream,pasta,oil,onions,grapes,bananas,tomatoes,rice,apples,eggs"
CUST_558,"bread,milk,eggs"
CUST_559,"butter,carrots,milk,juice,bread,chicken,cookies,ice_cream,onions,bananas,beef,apples,eggs"
CUST_560,"butter,carrots,milk,cheese,bread,pasta,oil,onions,bananas,rice,apples,eggs"
CUST_561,"butter,carrots,milk,juice,bread,cookies,ice_cream,onions,bananas,apples,eggs"
CUST_562,"milk,frozen_pizza,coffee,bread,cookies,beer,pasta,sugar,tomatoes"
CUST_563,"carrots,milk,bread,chicken,cookies,pasta,oil,onions,bananas,beef,rice,apples,eggs"
CUST_564,"pork,coffee,pasta,beans,bananas,rice,eggs"
CUST_565,"butter,milk,frozen_pizza,coffee,bread,beer,pasta,grapes,sugar,tomatoes"
CUST_566,"carrots,milk,bread,chicken,pasta,oil,onions,bananas,beef,rice,apples,eggs"
CUST_567,"lettuce,chicken,tomatoes,cheese,fish"
CUST_568,"wine,milk,bread,chicken,pasta,pizza_dough,tomatoes,fish,eggs"
CUST_569,"milk,juice,bread,cookies,ice_cream,pasta,oil,tomatoes,rice,eggs"
CUST_570,"butter,lettuce,wine,milk,bread,chicken,cookies,pasta,tomatoes,cheese,fish,eggs"
CUST_571,"lettuce,milk,bread,chicken,cookies,tomatoes,cheese,fish,eggs"
CUST_572,"pork,coffee,pasta,beans,bananas,tomatoes,rice,eggs"
CUST_573,"milk,juice,bread,cookies,ice_cream,pasta,oil,tomatoes,turkey,rice,eggs"
CUST_574,"sugar,carrots,milk,coffee,bread,chicken,cookies,pasta,oil,onions,bananas,beef,tomatoes,rice,apples,eggs"
CUST_575,"lettuce,wine,milk,bread,chicken,cookies,pasta,tomatoes,cheese,fish,eggs"
CUST_576,"milk,bread,chicken,cookies,beef,eggs"
CUST_577,"butter,carrots,milk,juice,bread,chicken,cookies,ice_cream,onions,bananas,beef,frozen_vegetables,apples,fish,eggs"
CUST_578,"carrots,milk,juice,bread,chicken,cookies,ice_cream,onions,bananas,beef,apples,eggs"
CUST_579,"bread,cookies,milk"
CUST_580,"carrots,milk,bread,chicken,cookies,pasta,oil,onions,bananas,beef,tomatoes,rice,apples,eggs"
CUST_581,"butter,lettuce,milk,bread,chicken,cookies,grapes,tomatoes,cheese,fish,eggs"
CUST_582,"carrots,milk,juice,bread,cookies,ice_cream,onions,bananas,apples,eggs"
CUST_583,"carrots,milk,juice,bread,chicken,cookies,pasta,ice_cream,oil,onions,tomatoes,bananas,beef,strawberries,rice,apples,eggs"
CUST_584,"butter,milk,frozen_pizza,bread,cookies,pasta,flour,tomatoes"
CUST_585,"butter,carrots,milk,juice,bread,cookies,ice_cream,onions,bananas,apples,eggs"
CUST_586,"tomatoes,pasta,frozen_pizza"
CUST_587,"carrots,juice,chicken,cookies,pasta,ice_cream,oil,onions,muffins,bananas,beef,tomatoes,rice,apples"
CUST_588,"butter,carrots,milk,juice,bread,cookies,ice_cream,pasta,oil,onions,bananas,strawberries,rice,apples,eggs"
CUST_589,"butter,milk,frozen_pizza,soda,bread,pasta,chips"
CUST_590,"carrots,milk,bread,cookies,onions,bananas,apples,eggs"
CUST_591,"butter,milk,frozen_pizza,soda,bread,cookies,pasta,bananas,tomatoes,chips"
CUST_592,"pork,soda,coffee,cookies,pasta,beans,bananas,rice,eggs"
CUST_593,"butter,carrots,milk,bread,chicken,cookies,onions,bananas,beef,apples,eggs"
CUST_594,"tomatoes,pasta,frozen_pizza"
CUST_595,"milk,cream,bread,chicken,beans,grapes,fish,eggs"
CUST_596,"butter,carrots,milk,coffee,bread,pasta,oil,onions,tomatoes,bananas,turkey,rice,apples,eggs"
CUST_597,"yogurt,bread,milk,eggs"
CUST_598,"butter,carrots,milk,juice,bread,chicken,cookies,pasta,ice_cream,oil,onions,bananas,beef,tomatoes,rice,apples,eggs"
CUST_599,"tomatoes,grapes,pasta,frozen_pizza"
CUST_600,"lettuce,milk,bread,chicken,cookies,muffins,tomatoes,cheese,fish,eggs"
CUST_601,"soda,coffee,cookies,pasta,beans,bananas,tomatoes,rice"
CUST_602,"lettuce,milk,bread,chicken,cookies,beans,tomatoes,cheese,fish,eggs"
CUST_603,"milk,frozen_pizza,soda,bread,cookies,pasta,tomatoes,chips"
CUST_604,"tomatoes,rice,pasta,beans"
CUST_605,"carrots,milk,juice,bread,chicken,cookies,ice_cream,onions,bananas,beef,apples,eggs"
CUST_606,"tomatoes,lettuce,cheese,turkey"
CUST_607,"butter,wine,milk,bread,chicken,cookies,pasta,tomatoes,fish,eggs"
CUST_608,"carrots,milk,juice,bread,chicken,cookies,ice_cream,onions,bananas,beef,apples,eggs"
CUST_609,"butter,milk,juice,bread,chicken,cookies,pasta,ice_cream,oil,beef,rice,eggs"
CUST_610,"butter,milk,juice,bread,chicken,cookies,pasta,ice_cream,oil,beef,tomatoes,rice,eggs"
CUST_611,"strawberries,coffee,bananas,frozen_pizza"
CUST_612,"coffee,pasta,beans,bananas,sugar,tomatoes,rice"
CUST_613,"butter,milk,coffee,bread,cookies,beer,sugar"
CUST_614,"butter,milk,bread,chicken,cookies,fish,eggs"
CUST_615,"pork,pasta,beans,strawberries,rice,eggs"
CUST_616,"milk,frozen_pizza,soda,coffee,bread,beer,pasta,oil,tomatoes,frozen_vegetables,chips"
CUST_617,"sugar,butter,wine,milk,bread,pasta,grapes,bacon,tomatoes,eggs"
CUST_618,"carrots,milk,juice,bread,chicken,cookies,pasta,ice_cream,oil,onions,tomatoes,spinach,bananas,beef,turkey,rice,apples,eggs"
CUST_619,"butter,carrots,milk,croissants,bread,chicken,cookies,pasta,oil,onions,bananas,beef,tomatoes,rice,apples,eggs"
CUST_620,"butter,lettuce,wine,milk,bread,chicken,pasta,tomatoes,cheese,fish,eggs"
CUST_621,"butter,carrots,milk,juice,bread,chicken,cookies,pasta,ice_cream,oil,onions,muffins,bananas,beef,tomatoes,rice,apples,eggs"
CUST_622,"butter,carrots,milk,juice,bread,chicken,cookies,ice_cream,onions,bananas,beef,apples,eggs"
CUST_623,"strawberries,lettuce,chicken,beef,tomatoes,cheese,fish"
CUST_624,"lettuce,wine,milk,bread,cookies,pasta,tomatoes,cheese,eggs"
CUST_625,"milk,soda,coffee,bread,beer,sugar,chips"
CUST_626,"butter,carrots,milk,cheese,bread,cookies,onions,bananas,apples,eggs"
CUST_627,"butter,lettuce,milk,turkey,bread,chicken,tomatoes,cheese,fish,eggs"
CUST_628,"butter,bread,milk"
CUST_629,"carrots,milk,bread,chicken,cookies,pasta,oil,onions,bananas,beef,tomatoes,rice,apples,eggs"
CUST_630,"butter,lettuce,milk,bread,chicken,cookies,tomatoes,cheese,fish,eggs"
CUST_631,"carrots,milk,coffee,bread,pasta,oil,onions,grapes,bananas,tomatoes,rice,apples,eggs"
CUST_632,"butter,lettuce,milk,bread,chicken,cookies,tomatoes,cheese,fish,eggs"
CUST_633,"butter,carrots,milk,juice,candy,bread,cookies,ice_cream,oil,onions,bananas,apples,eggs"
CUST_634,"water,wine,milk,bread,cookies,pasta,tomatoes,eggs"
CUST_635,"frozen_pizza,coffee,beer,pasta,muffins"
CUST_636,"lettuce,wine,chicken,pasta,grapes,tomatoes,cheese,fish"
CUST_637,"milk,frozen_pizza,coffee,bread,oranges,beer,pasta"
CUST_638,"milk,coffee,bread,cookies,beer,sugar"
CUST_639,"carrots,milk,bread,chicken,pasta,oil,onions,bananas,beef,tomatoes,rice,apples,eggs"
CUST_640,"frozen_pizza,coffee,beer,pasta,muffins,tomatoes"
CUST_641,"butter,carrots,milk,juice,bread,cookies,ice_cream,onions,muffins,bananas,apples,eggs"
CUST_642,"milk,juice,bread,cookies,ice_cream,pasta,oil,tomatoes,rice,eggs"
CUST_643,"butter,carrots,milk,cheese,bread,chicken,oranges,onions,bananas,beef,apples,eggs"
CUST_644,"milk,frozen_pizza,soda,coffee,beer,pasta,tomatoes,vinegar,chips"
CUST_645,"butter,milk,bread,cookies,ice_cream,pasta,oil,tomatoes,rice,eggs"
CUST_646,"butter,lettuce,wine,milk,bread,pasta,tomatoes,cheese,eggs"
CUST_647,"butter,lettuce,wine,milk,bread,chicken,cookies,pasta,tomatoes,cheese,fish,eggs"
CUST_648,"butter,milk,juice,bread,chicken,cookies,pasta,ice_cream,oil,beef,rice,eggs"
CUST_649,"butter,carrots,milk,frozen_pizza,coffee,bread,beer,pasta,muffins,yogurt,sugar"
CUST_650,"carrots,milk,juice,bread,chicken,cookies,ice_cream,onions,bananas,beef,apples,eggs"
